C,Si,Mn,Cr,Sn,Cu,Ni,Mo,thickness ,ferrite,perlite ,carbides ,martensite ,ausferrite ,austenite ,copper,CLASS,ferryt,perlit,węgliki,martenzyt,ausferryt,austenit,Wolna miedź,SUMA,ferryt,perlit,węgliki,martenzyt,ausferryt,austenit,Wolna miedź,kontrolka,,ferryt,perlit,węgliki,martenzyt,ausferryt,austenit,Wolna miedź,
3.72,2.48,0.04,0,0,0,0,0,3,30,68,2,0,0,0,0,FP,36.38994,65.94146,2.14566,0.11939,0.00427,0.002196,0.000001,104.60291,35,63,2,0,0,0,0,100,,36.38994,65.94146,2.14566,0.11939,0.00427,0.002196,0.000001,104.60291
3.72,2.48,0.04,0,0,0,0,0,6,40,60,0,0,0,0,0,FP,45.73265,62.98508,0.78311,0.13754,0.00120,0.002229,0.000001,109.64181,42,57,1,0,0,0,0,100,,45.73265,62.98508,0.78311,0.13754,0.00120,0.002229,0.000001,109.64181
3.72,2.48,0.04,0,0,0,0,0,12,55,45,0,0,0,0,0,FP,55.81489,53.47450,0.19750,0.17038,0.00009,0.002301,0.000000,109.65965,51,49,0,0,0,0,0,100,,55.81489,53.47450,0.19750,0.17038,0.00009,0.002301,0.000000,109.65965
3.72,2.48,0.04,0,0,0,0,0,24,70,30,0,0,0,0,0,FP,62.46501,35.36957,0.03178,0.20228,0.00000,0.002714,0.000000,98.07135,64,36,0,0,0,0,0,100,,62.46501,35.36957,0.03178,0.20228,0.00000,0.002714,0.000000,98.07135
3.87,2.43,0.27,0,0,0,0,0,3,25,70,5,0,0,0,0,FP,30.29615,54.43753,3.35034,0.08238,0.00017,0.005254,0.000000,88.17182,34,62,4,0,0,0,0,100,,30.29615,54.43753,3.35034,0.08238,0.00017,0.005254,0.000000,88.17182
3.87,2.43,0.27,0,0,0,0,0,6,40,60,0,0,0,0,0,FP,42.91675,54.06947,0.74703,0.09177,0.00006,0.005534,0.000000,97.83061,44,55,1,0,0,0,0,100,,42.91675,54.06947,0.74703,0.09177,0.00006,0.005534,0.000000,97.83061
3.87,2.43,0.27,0,0,0,0,0,12,55,45,0,0,0,0,0,FP,53.55205,48.47273,0.17982,0.10696,0.00001,0.005190,0.000000,102.31677,52,47,0,0,0,0,0,100,,53.55205,48.47273,0.17982,0.10696,0.00001,0.005190,0.000000,102.31677
3.87,2.43,0.27,0,0,0,0,0,24,65,35,0,0,0,0,0,FP,58.22208,36.22752,0.04226,0.10409,0.00000,0.005200,0.000000,94.60115,62,38,0,0,0,0,0,100,,58.22208,36.22752,0.04226,0.10409,0.00000,0.005200,0.000000,94.60115
3.69,2.38,0.58,0,0,0,0,0,3,18,74,8,0,0,0,0,FP,19.65135,75.63242,6.63254,0.02452,0.00216,0.003259,0.000002,101.94625,19,74,7,0,0,0,0,100,,19.65135,75.63242,6.63254,0.02452,0.00216,0.003259,0.000002,101.94625
3.69,2.38,0.58,0,0,0,0,0,6,28,68,4,0,0,0,0,FP,32.14219,75.57252,1.15789,0.02718,0.00062,0.003777,0.000001,108.90418,30,69,1,0,0,0,0,100,,32.14219,75.57252,1.15789,0.02718,0.00062,0.003777,0.000001,108.90418
3.69,2.38,0.58,0,0,0,0,0,12,40,60,0,0,0,0,0,FP,42.92715,71.34629,0.27228,0.03176,0.00006,0.003845,0.000001,114.58138,37,62,0,0,0,0,0,100,,42.92715,71.34629,0.27228,0.03176,0.00006,0.003845,0.000001,114.58138
3.69,2.38,0.58,0,0,0,0,0,24,50,50,0,0,0,0,0,FP,45.14438,59.99411,0.08026,0.03013,0.00000,0.004304,0.000000,105.25319,43,57,0,0,0,0,0,100,,45.14438,59.99411,0.08026,0.03013,0.00000,0.004304,0.000000,105.25319
3.7,2.45,0.89,0,0,0,0,0,3,10,78,12,0,0,0,0,FP,7.12716,70.15671,17.79954,0.02474,0.00002,0.007862,0.000005,95.11603,7,74,19,0,0,0,0,100,,7.12716,70.15671,17.79954,0.02474,0.00002,0.007862,0.000005,95.11603
3.7,2.45,0.89,0,0,0,0,0,6,18,77,5,0,0,0,0,FP,16.30226,73.40947,1.87485,0.02528,0.00001,0.009984,0.000003,91.62186,18,80,2,0,0,0,0,100,,16.30226,73.40947,1.87485,0.02528,0.00001,0.009984,0.000003,91.62186
3.7,2.45,0.89,0,0,0,0,0,12,25,72,3,0,0,0,0,FP,25.67397,73.98049,0.35200,0.02621,0.00000,0.009466,0.000002,100.04214,26,74,0,0,0,0,0,100,,25.67397,73.98049,0.35200,0.02621,0.00000,0.009466,0.000002,100.04214
3.7,2.45,0.89,0,0,0,0,0,24,34.6,65,0.4,0,0,0,0,FP,24.15330,69.54521,0.15105,0.02027,0.00000,0.008209,0.000002,93.87804,26,74,0,0,0,0,0,100,,24.15330,69.54521,0.15105,0.02027,0.00000,0.008209,0.000002,93.87804
4.02,2.33,1.04,0,0,0,0,0,3,4,50,46,0,0,0,0,FP,2.89429,55.15624,48.55001,0.02740,0.00000,0.013256,0.000002,106.64120,3,52,46,0,0,0,0,100,,2.89429,55.15624,48.55001,0.02740,0.00000,0.013256,0.000002,106.64120
4.02,2.33,1.04,0,0,0,0,0,6,7,73,20,0,0,0,0,FP,8.72180,62.82264,9.27491,0.02676,0.00000,0.017251,0.000001,80.86336,11,78,11,0,0,0,0,100,,8.72180,62.82264,9.27491,0.02676,0.00000,0.017251,0.000001,80.86336
4.02,2.33,1.04,0,0,0,0,0,12,19,73,8,0,0,0,0,FP,22.49144,70.82815,0.46463,0.02582,0.00000,0.018187,0.000001,93.82824,24,75,0,0,0,0,0,100,,22.49144,70.82815,0.46463,0.02582,0.00000,0.018187,0.000001,93.82824
4.02,2.33,1.04,0,0,0,0,0,24,27,72.2,0.8,0,0,0,0,FP,21.94854,71.45955,0.19521,0.01942,0.00000,0.012694,0.000001,93.63541,23,76,0,0,0,0,0,100,,21.94854,71.45955,0.19521,0.01942,0.00000,0.012694,0.000001,93.63541
3.84,2.41,1.39,0,0,0,0,0,3,0,46,54,0,0,0,0,FP,0.65397,69.53957,55.93412,0.01437,0.00000,0.017485,0.000020,126.15954,1,55,44,0,0,0,0,100,,0.65397,69.53957,55.93412,0.01437,0.00000,0.017485,0.000020,126.15954
3.84,2.41,1.39,0,0,0,0,0,6,4,75,21,0,0,0,0,FP,1.94377,75.36072,26.73900,0.01464,0.00000,0.020962,0.000014,104.07910,2,72,26,0,0,0,0,100,,1.94377,75.36072,26.73900,0.01464,0.00000,0.020962,0.000014,104.07910
3.84,2.41,1.39,0,0,0,0,0,12,10,85,5,0,0,0,0,FP,7.82655,81.82668,0.98953,0.01442,0.00000,0.024581,0.000009,90.68177,9,90,1,0,0,0,0,100,,7.82655,81.82668,0.98953,0.01442,0.00000,0.024581,0.000009,90.68177
3.84,2.41,1.39,0,0,0,0,0,24,20,79,1,0,0,0,0,FP,9.07829,81.41508,0.37068,0.01199,0.00000,0.015945,0.000007,90.89199,10,90,0,0,0,0,0,100,,9.07829,81.41508,0.37068,0.01199,0.00000,0.015945,0.000007,90.89199
3.92,2.28,0.32,0,0.031,0,0,0,3,19,67,14,0,0,0,0,FP,18.50327,69.57836,10.66874,0.02560,0.00586,0.002145,0.000001,98.78396,19,70,11,0,0,0,0,100,,18.50327,69.57836,10.66874,0.02560,0.00586,0.002145,0.000001,98.78396
3.92,2.28,0.32,0,0.031,0,0,0,6,37,63,0,0,0,0,0,FP,31.54202,69.03217,1.70121,0.02847,0.00151,0.002669,0.000000,102.30805,31,67,2,0,0,0,0,100,,31.54202,69.03217,1.70121,0.02847,0.00151,0.002669,0.000000,102.30805
3.92,2.28,0.32,0,0.031,0,0,0,12,48,52,0,0,0,0,0,FP,44.08600,62.45841,0.32125,0.03470,0.00011,0.003014,0.000000,106.90349,41,58,0,0,0,0,0,100,,44.08600,62.45841,0.32125,0.03470,0.00011,0.003014,0.000000,106.90349
3.92,2.28,0.32,0,0.031,0,0,0,24,55,45,0,0,0,0,0,FP,50.07942,47.03684,0.06411,0.03772,0.00000,0.003837,0.000000,97.22192,52,48,0,0,0,0,0,100,,50.07942,47.03684,0.06411,0.03772,0.00000,0.003837,0.000000,97.22192
3.42,2.53,0.33,0,0.061,0,0,0,3,12,70,18,0,0,0,0,FP,14.04998,85.04843,4.25629,0.01097,0.06595,0.000661,0.000019,103.43229,14,82,4,0,0,0,0,100,,14.04998,85.04843,4.25629,0.01097,0.06595,0.000661,0.000019,103.43229
3.42,2.53,0.33,0,0.061,0,0,0,6,31,69,0,0,0,0,0,FP,20.11298,83.13303,1.34228,0.01222,0.01416,0.000789,0.000013,104.61546,19,79,1,0,0,0,0,100,,20.11298,83.13303,1.34228,0.01222,0.01416,0.000789,0.000013,104.61546
3.42,2.53,0.33,0,0.061,0,0,0,12,33,67,0,0,0,0,0,FP,28.07570,77.00003,0.35940,0.01460,0.00069,0.000985,0.000007,105.45140,27,73,0,0,0,0,0,100,,28.07570,77.00003,0.35940,0.01460,0.00069,0.000985,0.000007,105.45140
3.42,2.53,0.33,0,0.061,0,0,0,24,34,66,0,0,0,0,0,FP,34.44716,63.81814,0.07771,0.01624,0.00001,0.001443,0.000003,98.36070,35,65,0,0,0,0,0,100,,34.44716,63.81814,0.07771,0.01624,0.00001,0.001443,0.000003,98.36070
3.29,2.53,0.33,0,0.081,0,0,0,3,4,78,18,0,0,0,0,FP,8.71922,91.07183,5.79711,0.00390,1.28468,0.000289,0.000082,106.87712,8,85,5,0,1,0,0,100,,8.71922,91.07183,5.79711,0.00390,1.28468,0.000289,0.000082,106.87712
3.29,2.53,0.33,0,0.081,0,0,0,6,8,92,0,0,0,0,0,FP,12.32772,89.86465,2.05586,0.00445,0.26814,0.000352,0.000055,104.52124,12,86,2,0,0,0,0,100,,12.32772,89.86465,2.05586,0.00445,0.26814,0.000352,0.000055,104.52124
3.29,2.53,0.33,0,0.081,0,0,0,12,17,83,0,0,0,0,0,FP,17.96659,85.83315,0.56170,0.00568,0.01067,0.000468,0.000027,104.37828,17,82,1,0,0,0,0,100,,17.96659,85.83315,0.56170,0.00568,0.01067,0.000468,0.000027,104.37828
3.29,2.53,0.33,0,0.081,0,0,0,24,22,78,0,0,0,0,0,FP,24.75684,74.85579,0.10568,0.00748,0.00005,0.000786,0.000011,99.72664,25,75,0,0,0,0,0,100,,24.75684,74.85579,0.10568,0.00748,0.00005,0.000786,0.000011,99.72664
3.77,2.4,0.3,0,0.121,0,0,0,3,0,79,21,0,0,0,0,FP,3.92641,79.95531,21.61491,0.00713,0.00837,0.000723,0.000012,105.51286,4,76,20,0,0,0,0,100,,3.92641,79.95531,21.61491,0.00713,0.00837,0.000723,0.000012,105.51286
3.77,2.4,0.3,0,0.121,0,0,0,6,3,97,0,0,0,0,0,FP,7.85352,79.17186,3.50128,0.00738,0.00191,0.001085,0.000009,90.53704,9,87,4,0,0,0,0,100,,7.85352,79.17186,3.50128,0.00738,0.00191,0.001085,0.000009,90.53704
3.77,2.4,0.3,0,0.121,0,0,0,12,9,91,0,0,0,0,0,FP,13.06174,73.89087,0.62886,0.00836,0.00012,0.001508,0.000005,87.59145,15,84,1,0,0,0,0,100,,13.06174,73.89087,0.62886,0.00836,0.00012,0.001508,0.000005,87.59145
3.77,2.4,0.3,0,0.121,0,0,0,24,13,87,0,0,0,0,0,FP,17.46628,62.42132,0.12403,0.00909,0.00000,0.002237,0.000003,80.02297,22,78,0,0,0,0,0,100,,17.46628,62.42132,0.12403,0.00909,0.00000,0.002237,0.000003,80.02297
3.6,2.3,0.31,0,0,1.01,0,0,3,11,89,0,0,0,0,0,FP,9.03686,88.89060,2.29543,0.00695,2.68131,0.000948,0.000139,102.91224,9,86,2,0,3,0,0,100,,9.03686,88.89060,2.29543,0.00695,2.68131,0.000948,0.000139,102.91224
3.6,2.3,0.31,0,0,1.01,0,0,6,14,86,0,0,0,0,0,FP,13.85255,88.63465,0.98532,0.00787,1.01406,0.000909,0.000089,104.49545,13,85,1,0,1,0,0,100,,13.85255,88.63465,0.98532,0.00787,1.01406,0.000909,0.000089,104.49545
3.6,2.3,0.31,0,0,1.01,0,0,12,19,81,0,0,0,0,0,FP,22.31320,86.72750,0.32348,0.00926,0.11550,0.000886,0.000041,109.48987,20,79,0,0,0,0,0,100,,22.31320,86.72750,0.32348,0.00926,0.11550,0.000886,0.000041,109.48987
3.6,2.3,0.31,0,0,1.01,0,0,24,23,77,0,0,0,0,0,FP,30.65970,79.93024,0.08700,0.01014,0.00177,0.001077,0.000014,110.68993,28,72,0,0,0,0,0,100,,30.65970,79.93024,0.08700,0.01014,0.00177,0.001077,0.000014,110.68993
3.66,2.38,0.34,0,0,1.85,0,0,3,7,93,0,0,0,0,0,FP,3.64517,87.79860,1.38011,0.00968,0.10221,0.002367,0.002642,92.94078,4,94,1,0,0,0,0,100,,3.64517,87.79860,1.38011,0.00968,0.10221,0.002367,0.002642,92.94078
3.66,2.38,0.34,0,0,1.85,0,0,6,9,91,0,0,0,0,0,FP,5.40572,88.35484,0.76772,0.01118,0.05332,0.002199,0.001917,94.59689,6,93,1,0,0,0,0,100,,5.40572,88.35484,0.76772,0.01118,0.05332,0.002199,0.001917,94.59689
3.66,2.38,0.34,0,0,1.85,0,0,12,11,89,0,0,0,0,0,FP,8.28642,88.23881,0.38535,0.01312,0.01285,0.002041,0.001147,96.93974,9,91,0,0,0,0,0,100,,8.28642,88.23881,0.38535,0.01312,0.01285,0.002041,0.001147,96.93974
3.66,2.38,0.34,0,0,1.85,0,0,24,13,87,0,0,0,0,0,FP,10.43142,85.73200,0.18866,0.01332,0.00067,0.002240,0.000532,96.36885,11,89,0,0,0,0,0,100,,10.43142,85.73200,0.18866,0.01332,0.00067,0.002240,0.000532,96.36885
3.68,2.46,0.32,0,0,2.9,0,0,3,5,95,0,0,0,0,0,FP,1.59609,90.33433,0.91763,0.00855,0.04498,0.002515,0.033557,92.93766,2,97,1,0,0,0,0,100,,1.59609,90.33433,0.91763,0.00855,0.04498,0.002515,0.033557,92.93766
3.68,2.46,0.32,0,0,2.9,0,0,6,6,94,0,0,0,0,0,FP,2.13232,91.25338,0.68886,0.00991,0.03525,0.002275,0.028878,94.15088,2,97,1,0,0,0,0,100,,2.13232,91.25338,0.68886,0.00991,0.03525,0.002275,0.028878,94.15088
3.68,2.46,0.32,0,0,2.9,0,0,12,7,93,0,0,0,0,0,FP,2.84653,92.05825,0.51251,0.01173,0.01781,0.002092,0.023925,95.47286,3,96,1,0,0,0,0,100,,2.84653,92.05825,0.51251,0.01173,0.01781,0.002092,0.023925,95.47286
3.68,2.46,0.32,0,0,2.9,0,0,24,8,92,0,0,0,0,0,FP,3.03841,91.89562,0.40932,0.01274,0.00260,0.002401,0.019114,95.38022,3,96,0,0,0,0,0,100,,3.03841,91.89562,0.40932,0.01274,0.00260,0.002401,0.019114,95.38022
3.41,2.64,0.32,0,0,3.8,0,0,3,1,99,0,0,0,0,0,FP,0.87192,93.68448,0.48970,0.01536,0.13389,0.000728,0.529907,95.72598,1,98,1,0,0,0,1,100,,0.87192,93.68448,0.48970,0.01536,0.13389,0.000728,0.529907,95.72598
3.41,2.64,0.32,0,0,3.8,0,0,6,2,98,0,0,0,0,0,FP,1.09008,94.16969,0.44179,0.01677,0.13396,0.000673,0.471373,96.32435,1,98,0,0,0,0,0,100,,1.09008,94.16969,0.44179,0.01677,0.13396,0.000673,0.471373,96.32435
3.41,2.64,0.32,0,0,3.8,0,0,12,3,97,0,0,0,0,0,FP,1.39368,94.67095,0.40589,0.01787,0.11094,0.000641,0.407981,97.00795,1,98,0,0,0,0,0,100,,1.39368,94.67095,0.40589,0.01787,0.11094,0.000641,0.407981,97.00795
3.41,2.64,0.32,0,0,3.8,0,0,24,4,96,0,0,0,0,0,FP,1.60453,94.95399,0.41346,0.01655,0.04634,0.000729,0.361401,97.39700,2,97,0,0,0,0,0,100,,1.60453,94.95399,0.41346,0.01655,0.04634,0.000729,0.361401,97.39700
3.52,2.39,0.04,0.27,0,0,0,0,3,13,77,10,0,0,0,0,FP,12.72177,87.53620,12.66741,0.01667,11.81269,0.000649,0.000011,124.75539,10,70,10,0,9,0,0,100,,12.72177,87.53620,12.66741,0.01667,11.81269,0.000649,0.000011,124.75539
3.52,2.39,0.04,0.27,0,0,0,0,6,20,74,6,0,0,0,0,FP,17.73265,87.13609,7.18095,0.01983,5.13754,0.000615,0.000008,117.20768,15,74,6,0,4,0,0,100,,17.73265,87.13609,7.18095,0.01983,5.13754,0.000615,0.000008,117.20768
3.52,2.39,0.04,0.27,0,0,0,0,12,32,68,0,0,0,0,0,FP,27.33382,83.81635,2.64459,0.02673,0.44746,0.000624,0.000004,114.26957,24,73,2,0,0,0,0,100,,27.33382,83.81635,2.64459,0.02673,0.44746,0.000624,0.000004,114.26957
3.52,2.39,0.04,0.27,0,0,0,0,24,40,60,0,0,0,0,0,FP,46.05592,67.31771,0.24967,0.04199,0.00081,0.000972,0.000001,113.66709,41,59,0,0,0,0,0,100,,46.05592,67.31771,0.24967,0.04199,0.00081,0.000972,0.000001,113.66709
3.39,2.73,0.04,0.53,0,0,0,0,3,5,83,12,0,0,0,0,FP,7.19753,73.69428,13.33300,0.19320,0.00651,0.002481,0.000118,94.42711,8,78,14,0,0,0,0,100,,7.19753,73.69428,13.33300,0.19320,0.00651,0.002481,0.000118,94.42711
3.39,2.73,0.04,0.53,0,0,0,0,6,11,81,8,0,0,0,0,FP,10.67984,75.89578,8.75863,0.21824,0.00473,0.002059,0.000087,95.55937,11,79,9,0,0,0,0,100,,10.67984,75.89578,8.75863,0.21824,0.00473,0.002059,0.000087,95.55937
3.39,2.73,0.04,0.53,0,0,0,0,12,19,79,2,0,0,0,0,FP,18.43156,76.41587,4.11414,0.25373,0.00141,0.001606,0.000049,99.21836,19,77,4,0,0,0,0,100,,18.43156,76.41587,4.11414,0.25373,0.00141,0.001606,0.000049,99.21836
3.39,2.73,0.04,0.53,0,0,0,0,24,27,73,0,0,0,0,0,FP,37.54840,68.27379,0.49498,0.27280,0.00002,0.001612,0.000015,106.59162,35,64,0,0,0,0,0,100,,37.54840,68.27379,0.49498,0.27280,0.00002,0.001612,0.000015,106.59162
3.56,2.34,0.04,0.75,0,0,0,0,3,0,72,28,0,0,0,0,FP,1.51583,81.15608,28.97482,0.00487,3.74667,0.001754,0.000031,115.40006,1,70,25,0,3,0,0,100,,1.51583,81.15608,28.97482,0.00487,3.74667,0.001754,0.000031,115.40006
3.56,2.34,0.04,0.75,0,0,0,0,6,0,76,24,0,0,0,0,FP,2.28912,83.66215,21.59788,0.00598,3.26385,0.001437,0.000025,110.82043,2,75,19,0,3,0,0,100,,2.28912,83.66215,21.59788,0.00598,3.26385,0.001437,0.000025,110.82043
3.56,2.34,0.04,0.75,0,0,0,0,12,0,84,16,0,0,0,0,FP,3.72937,85.93861,16.49229,0.00852,1.73311,0.001001,0.000018,107.90292,3,80,15,0,2,0,0,100,,3.72937,85.93861,16.49229,0.00852,1.73311,0.001001,0.000018,107.90292
3.56,2.34,0.04,0.75,0,0,0,0,24,0,88,12,0,0,0,0,FP,5.95778,83.36444,7.52731,0.01215,0.07252,0.000960,0.000011,96.93518,6,86,8,0,0,0,0,100,,5.95778,83.36444,7.52731,0.01215,0.07252,0.000960,0.000011,96.93518
3.45,2.63,0.04,0.96,0,0,0,0,3,0,67,33,0,0,0,0,FP,0.62471,63.94973,29.97570,0.02113,0.00452,0.006668,0.000203,94.58265,1,68,32,0,0,0,0,100,,0.62471,63.94973,29.97570,0.02113,0.00452,0.006668,0.000203,94.58265
3.45,2.63,0.04,0.96,0,0,0,0,6,0,71,29,0,0,0,0,FP,0.95025,70.14801,23.99703,0.02448,0.00572,0.005013,0.000167,95.13067,1,74,25,0,0,0,0,100,,0.95025,70.14801,23.99703,0.02448,0.00572,0.005013,0.000167,95.13067
3.45,2.63,0.04,0.96,0,0,0,0,12,0,77,23,0,0,0,0,FP,1.69460,78.50332,19.95730,0.03132,0.00801,0.002792,0.000123,100.19746,2,78,20,0,0,0,0,100,,1.69460,78.50332,19.95730,0.03132,0.00801,0.002792,0.000123,100.19746
3.45,2.63,0.04,0.96,0,0,0,0,24,0,81,19,0,0,0,0,FP,3.04513,82.45410,11.31549,0.03462,0.00281,0.001700,0.000079,96.85393,3,85,12,0,0,0,0,100,,3.04513,82.45410,11.31549,0.03462,0.00281,0.001700,0.000079,96.85393
3.52,2.63,0.04,1.51,0,0,0,0,3,0,60,40,0,0,0,0,FP,0.03647,47.41736,44.32959,0.00548,0.00011,0.031087,0.001060,91.82115,0,52,48,0,0,0,0,100,,0.03647,47.41736,44.32959,0.00548,0.00011,0.031087,0.001060,91.82115
3.52,2.63,0.04,1.51,0,0,0,0,6,0,63,37,0,0,0,0,FP,0.05118,53.44539,37.01855,0.00571,0.00014,0.026356,0.000925,90.54826,0,59,41,0,0,0,0,100,,0.05118,53.44539,37.01855,0.00571,0.00014,0.026356,0.000925,90.54826
3.52,2.63,0.04,1.51,0,0,0,0,12,0,67,33,0,0,0,0,FP,0.09201,67.81611,34.00449,0.00719,0.00038,0.013230,0.000726,101.93414,0,67,33,0,0,0,0,100,,0.09201,67.81611,34.00449,0.00719,0.00038,0.013230,0.000726,101.93414
3.52,2.63,0.04,1.51,0,0,0,0,24,0,70,30,0,0,0,0,FP,0.24528,85.33726,32.09298,0.01072,0.00265,0.003674,0.000492,117.69306,0,73,27,0,0,0,0,100,,0.24528,85.33726,32.09298,0.01072,0.00265,0.003674,0.000492,117.69306
3.56,2.54,0.05,1.89,0,0,0,0,3,0,52,48,0,0,0,0,FP,0.00882,49.47603,51.01533,0.00156,0.00007,0.043212,0.002137,100.54716,0,49,51,0,0,0,0,100,,0.00882,49.47603,51.01533,0.00156,0.00007,0.043212,0.002137,100.54716
3.56,2.54,0.05,1.89,0,0,0,0,6,0,56,44,0,0,0,0,FP,0.01196,52.41127,43.18493,0.00154,0.00007,0.043163,0.001823,95.65475,0,55,45,0,0,0,0,100,,0.01196,52.41127,43.18493,0.00154,0.00007,0.043163,0.001823,95.65475
3.56,2.54,0.05,1.89,0,0,0,0,12,0,62,38,0,0,0,0,FP,0.01826,61.20869,39.13875,0.00177,0.00011,0.027673,0.001397,100.39666,0,61,39,0,0,0,0,100,,0.01826,61.20869,39.13875,0.00177,0.00011,0.027673,0.001397,100.39666
3.56,2.54,0.05,1.89,0,0,0,0,24,0,66,34,0,0,0,0,FP,0.06369,83.47753,38.13126,0.00332,0.00130,0.006479,0.000803,121.68437,0,69,31,0,0,0,0,100,,0.06369,83.47753,38.13126,0.00332,0.00130,0.006479,0.000803,121.68437
3.63,2.41,0.04,2.81,0,0,0,0,3,0,40,60,0,0,0,0,FP,0.00164,51.30624,57.12141,0.00048,0.00003,0.056746,0.004584,108.49113,0,47,53,0,0,0,0,100,,0.00164,51.30624,57.12141,0.00048,0.00003,0.056746,0.004584,108.49113
3.63,2.41,0.04,2.81,0,0,0,0,6,0,51,49,0,0,0,0,FP,0.00252,51.69062,49.65307,0.00044,0.00002,0.071317,0.003590,101.42159,0,51,49,0,0,0,0,100,,0.00252,51.69062,49.65307,0.00044,0.00002,0.071317,0.003590,101.42159
3.63,2.41,0.04,2.81,0,0,0,0,12,0,54,46,0,0,0,0,FP,0.00316,50.70498,43.03311,0.00044,0.00002,0.069517,0.002599,93.81382,0,54,46,0,0,0,0,100,,0.00316,50.70498,43.03311,0.00044,0.00002,0.069517,0.002599,93.81382
3.63,2.41,0.04,2.81,0,0,0,0,24,0,60,40,0,0,0,0,FP,0.00579,59.75123,40.44472,0.00059,0.00004,0.036617,0.001490,100.24046,0,60,40,0,0,0,0,100,,0.00579,59.75123,40.44472,0.00059,0.00004,0.036617,0.001490,100.24046
3.41,2.58,0.3,0,0,0,1.47,0,3,25,75,0,0,0,0,0,FP,25.00975,72.85372,1.24460,0.19720,0.00148,0.002807,0.000013,99.30957,25,73,1,0,0,0,0,100,,25.00975,72.85372,1.24460,0.19720,0.00148,0.002807,0.000013,99.30957
3.41,2.58,0.3,0,0,0,1.47,0,6,34,66,0,0,0,0,0,FP,33.48411,70.73355,0.52148,0.21189,0.00040,0.002834,0.000008,104.95427,32,67,0,0,0,0,0,100,,33.48411,70.73355,0.52148,0.21189,0.00040,0.002834,0.000008,104.95427
3.41,2.58,0.3,0,0,0,1.47,0,12,46,54,0,0,0,0,0,FP,44.14117,64.20046,0.16722,0.22299,0.00003,0.002904,0.000004,108.73479,41,59,0,0,0,0,0,100,,44.14117,64.20046,0.16722,0.22299,0.00003,0.002904,0.000004,108.73479
3.41,2.58,0.3,0,0,0,1.47,0,24,54,46,0,0,0,0,0,FP,51.25999,52.01256,0.04513,0.18676,0.00000,0.003229,0.000002,103.50768,50,50,0,0,0,0,0,100,,51.25999,52.01256,0.04513,0.18676,0.00000,0.003229,0.000002,103.50768
3.53,2.41,0.3,0,0,0,3.1,0,3,10,90,0,0,0,0,0,FP,10.91932,68.24529,1.53176,0.21259,0.00653,0.003957,0.000010,80.91945,13,84,2,0,0,0,0,100,,10.91932,68.24529,1.53176,0.21259,0.00653,0.003957,0.000010,80.91945
3.53,2.41,0.3,0,0,0,3.1,0,6,16,84,0,0,0,0,0,FP,16.98212,66.67518,0.62971,0.22664,0.00182,0.003894,0.000006,84.51938,20,79,1,0,0,0,0,100,,16.98212,66.67518,0.62971,0.22664,0.00182,0.003894,0.000006,84.51938
3.53,2.41,0.3,0,0,0,3.1,0,12,27,73,0,0,0,0,0,FP,27.23495,60.39304,0.19790,0.23675,0.00014,0.003904,0.000003,88.06668,31,69,0,0,0,0,0,100,,27.23495,60.39304,0.19790,0.23675,0.00014,0.003904,0.000003,88.06668
3.53,2.41,0.3,0,0,0,3.1,0,24,34,66,0,0,0,0,0,FP,36.00096,46.87388,0.05122,0.19719,0.00000,0.004564,0.000001,83.12782,43,56,0,0,0,0,0,100,,36.00096,46.87388,0.05122,0.19719,0.00000,0.004564,0.000001,83.12782
3.51,2.59,0.3,0,0,0,5.12,0,3,5,0,0,93,0,2,0,M,1.14914,11.90910,0.07258,89.51755,0.00003,0.008955,0.000075,102.65743,1,12,0,87,0,0,0,100,,1.14914,11.90910,0.07258,89.51755,0.00003,0.008955,0.000075,102.65743
3.51,2.59,0.3,0,0,0,5.12,0,6,8,0,0,90,0,2,0,M,1.93726,12.56306,0.03799,89.12577,0.00001,0.008306,0.000053,103.67245,2,12,0,86,0,0,0,100,,1.93726,12.56306,0.03799,89.12577,0.00001,0.008306,0.000053,103.67245
3.51,2.59,0.3,0,0,0,5.12,0,12,12,0,0,85,0,3,0,M,3.70009,12.74021,0.01798,87.11475,0.00000,0.007496,0.000032,103.58056,4,12,0,84,0,0,0,100,,3.70009,12.74021,0.01798,87.11475,0.00000,0.007496,0.000032,103.58056
3.51,2.59,0.3,0,0,0,5.12,0,24,15,0,0,82,0,3,0,M,6.20362,12.38221,0.00905,75.66286,0.00000,0.007244,0.000018,94.26500,7,13,0,80,0,0,0,100,,6.20362,12.38221,0.00905,75.66286,0.00000,0.007244,0.000018,94.26500
3.82,2.43,0.24,0,0,0,7.59,0,3,0,0,0,90,0,10,0,M,0.16304,0.82883,0.01473,95.93216,0.00004,0.036053,0.000070,96.97493,0,1,0,99,0,0,0,100,,0.16304,0.82883,0.01473,95.93216,0.00004,0.036053,0.000070,96.97493
3.82,2.43,0.24,0,0,0,7.59,0,6,0,0,0,92,0,8,0,M,0.29537,1.00344,0.00725,95.93510,0.00003,0.028947,0.000051,97.27018,0,1,0,99,0,0,0,100,,0.29537,1.00344,0.00725,95.93510,0.00003,0.028947,0.000051,97.27018
3.82,2.43,0.24,0,0,0,7.59,0,12,0,0,0,94,0,6,0,M,0.62927,1.30066,0.00343,95.92918,0.00001,0.019564,0.000032,97.88216,1,1,0,98,0,0,0,100,,0.62927,1.30066,0.00343,95.92918,0.00001,0.019564,0.000032,97.88216
3.82,2.43,0.24,0,0,0,7.59,0,24,0,0,0,96,0,4,0,M,1.11890,1.67173,0.00180,95.84189,0.00000,0.013352,0.000020,98.64770,1,2,0,97,0,0,0,100,,1.11890,1.67173,0.00180,95.84189,0.00000,0.013352,0.000020,98.64770
3.35,2.54,0.29,0,0,0,9.26,0,3,0,0,0,88,0,12,0,M,0.025298,1.530512,0.01134,95.97723,0.0016,0.02588,0.002231,97.57410,0,2,0,98,0,0,0,100,,0.025298,1.530512,0.01134,95.97723,0.0016,0.02588,0.002231,97.57410
3.35,2.54,0.29,0,0,0,9.26,0,6,0,0,0,90,0,10,0,M,0.038941,1.644428,0.00667,95.98230,0.0007,0.02163,0.001718,97.69640,0,2,0,98,0,0,0,100,,0.038941,1.644428,0.00667,95.98230,0.0007,0.02163,0.001718,97.69640
3.35,2.54,0.29,0,0,0,9.26,0,12,0,0,0,93,0,7,0,M,0.066923,1.708507,0.00316,95.98719,0.0002,0.01677,0.001164,97.78388,0,2,0,98,0,0,0,100,,0.066923,1.708507,0.00316,95.98719,0.0002,0.01677,0.001164,97.78388
3.35,2.54,0.29,0,0,0,9.26,0,24,0,0,0,95,0,5,0,M,0.094795,1.609693,0.00138,95.98867,0.0000,0.01264,0.000749,97.70795,0,2,0,98,0,0,0,100,,0.094795,1.609693,0.00138,95.98867,0.0000,0.01264,0.000749,97.70795
3.35,2.56,0.27,0,0,0,14.86,0,3,0,0,0,15,0,85,0,AN,0.000155,0.010656,0.04843,16.46451,0.0209,84.52374,0.029969,101.09839,0,0,0,16,0,84,0,100,,0.000155,0.010656,0.04843,16.46451,0.0209,84.52374,0.029969,101.09839
3.35,2.56,0.27,0,0,0,14.86,0,6,0,0,0,21,0,79,0,AN,0.000241,0.013365,0.03492,20.75698,0.0163,80.39414,0.025154,101.24106,0,0,0,21,0,79,0,100,,0.000241,0.013365,0.03492,20.75698,0.0163,80.39414,0.025154,101.24106
3.35,2.56,0.27,0,0,0,14.86,0,12,0,0,0,30,0,70,0,AN,0.000438,0.018669,0.02241,28.64678,0.0102,72.29601,0.019858,101.01440,0,0,0,28,0,72,0,100,,0.000438,0.018669,0.02241,28.64678,0.0102,72.29601,0.019858,101.01440
3.35,2.56,0.27,0,0,0,14.86,0,24,0,0,0,37,0,63,0,AN,0.000671,0.024590,0.01392,37.80769,0.0040,61.21695,0.016262,99.08404,0,0,0,38,0,62,0,100,,0.000671,0.024590,0.01392,37.80769,0.0040,61.21695,0.016262,99.08404
3.28,2.51,0.28,0,0,0,16.53,0,3,0,0,0,7,0,93,0,AN,0.000060,0.008027,0.07661,3.05815,0.0969,94.51824,0.065968,97.82391,0,0,0,3,0,97,0,100,,0.000060,0.008027,0.07661,3.05815,0.0969,94.51824,0.065968,97.82391
3.28,2.51,0.28,0,0,0,16.53,0,6,0,0,0,8,0,92,0,AN,0.000095,0.009714,0.05584,3.95135,0.0728,93.11524,0.053340,97.25842,0,0,0,4,0,96,0,100,,0.000095,0.009714,0.05584,3.95135,0.0728,93.11524,0.053340,97.25842
3.28,2.51,0.28,0,0,0,16.53,0,12,0,0,0,10,0,90,0,AN,0.000178,0.012719,0.03613,5.69820,0.0440,90.40552,0.039254,96.23599,0,0,0,6,0,94,0,100,,0.000178,0.012719,0.03613,5.69820,0.0440,90.40552,0.039254,96.23599
3.28,2.51,0.28,0,0,0,16.53,0,24,0,0,0,11,0,89,0,AN,0.000281,0.014591,0.02292,7.44058,0.0162,87.53272,0.029031,95.05635,0,0,0,8,0,92,0,100,,0.000281,0.014591,0.02292,7.44058,0.0162,87.53272,0.029031,95.05635
3.21,2.59,0.28,0,0,0,21.04,0,3,0,0,0,0,0,100,0,AN,0.000028,0.004045,0.05879,1.82563,0.0042,98.07675,0.109390,100.07884,0,0,0,2,0,98,0,100,,0.000028,0.004045,0.05879,1.82563,0.0042,98.07675,0.109390,100.07884
3.21,2.59,0.28,0,0,0,21.04,0,6,0,0,0,0,0,100,0,AN,0.000044,0.005268,0.04860,2.35800,0.0049,97.44020,0.091745,99.94874,0,0,0,2,0,97,0,100,,0.000044,0.005268,0.04860,2.35800,0.0049,97.44020,0.091745,99.94874
3.21,2.59,0.28,0,0,0,21.04,0,12,0,0,0,0,0,100,0,AN,0.000086,0.008140,0.03810,3.50099,0.0067,95.94854,0.071048,99.57360,0,0,0,4,0,96,0,100,,0.000086,0.008140,0.03810,3.50099,0.0067,95.94854,0.071048,99.57360
3.21,2.59,0.28,0,0,0,21.04,0,24,0,0,0,0,0,100,0,AN,0.000148,0.011245,0.03017,4.78071,0.0067,94.18944,0.057256,99.07572,0,0,0,5,0,95,0,100,,0.000148,0.011245,0.03017,4.78071,0.0067,94.18944,0.057256,99.07572
3.51,2.47,0.04,0,0,0.49,0,2.42,3,0,0,3,0,97,0,0,AF,0.154455,6.851204,29.05420,0.87723,100.0000,0.01760,0.000031,136.95472,0,5,21,1,73,0,0,100,,0.154455,6.851204,29.05420,0.87723,100.0000,0.01760,0.000031,136.95472
3.51,2.47,0.04,0,0,0.49,0,2.42,6,0,0,3,0,97,0,0,AF,0.247513,7.629245,9.06060,0.77064,100.0000,0.02454,0.000029,117.73257,0,6,8,1,85,0,0,100,,0.247513,7.629245,9.06060,0.77064,100.0000,0.02454,0.000029,117.73257
3.51,2.47,0.04,0,0,0.49,0,2.42,12,1,0,4,0,95,0,0,AF,0.270852,8.012549,5.00531,0.67462,100.0000,0.02763,0.000032,113.99099,0,7,4,1,88,0,0,100,,0.270852,8.012549,5.00531,0.67462,100.0000,0.02763,0.000032,113.99099
3.51,2.47,0.04,0,0,0.49,0,2.42,24,1,1,5,0,93,0,0,AF,0.199612,8.131318,4.82945,0.53051,100.0000,0.02747,0.000046,113.71841,0,7,4,0,88,0,0,100,,0.199612,8.131318,4.82945,0.53051,100.0000,0.02747,0.000046,113.71841
3.21,2.52,0.03,0,0,0.98,0,2.08,3,0,0,2,0,98,0,0,AF,0.120676,6.157636,8.11256,0.66631,100.0000,0.02964,0.000104,115.08692,0,5,7,1,87,0,0,100,,0.120676,6.157636,8.11256,0.66631,100.0000,0.02964,0.000104,115.08692
3.21,2.52,0.03,0,0,0.98,0,2.08,6,0,0,1,0,99,0,0,AF,0.126630,6.206275,5.06653,0.58363,100.0000,0.03175,0.000110,112.01492,0,6,5,1,89,0,0,100,,0.126630,6.206275,5.06653,0.58363,100.0000,0.03175,0.000110,112.01492
3.21,2.52,0.03,0,0,0.98,0,2.08,12,0,0,2,0,98,0,0,AF,0.103976,5.938878,4.07745,0.46141,100.0000,0.03106,0.000137,110.61291,0,5,4,0,90,0,0,100,,0.103976,5.938878,4.07745,0.46141,100.0000,0.03106,0.000137,110.61291
3.21,2.52,0.03,0,0,0.98,0,2.08,24,0,0,3,0,97,0,0,AF,0.055402,5.163971,3.42770,0.27694,100.0000,0.02905,0.000271,108.95334,0,5,3,0,92,0,0,100,,0.055402,5.163971,3.42770,0.27694,100.0000,0.02905,0.000271,108.95334
3.25,2.4,0.04,0,0,1.89,0,2.03,3,0,0,38,0,62,0,0,AF,0.030130,4.072674,5.73282,0.40342,100.0000,0.04390,0.000950,110.28390,0,4,5,0,91,0,0,100,,0.030130,4.072674,5.73282,0.40342,100.0000,0.04390,0.000950,110.28390
3.25,2.4,0.04,0,0,1.89,0,2.03,6,0,6,12,0,82,0,0,AF,0.027609,3.930125,4.08589,0.32933,100.0000,0.04399,0.001073,108.41802,0,4,4,0,92,0,0,100,,0.027609,3.930125,4.08589,0.32933,100.0000,0.04399,0.001073,108.41802
3.25,2.4,0.04,0,0,1.89,0,2.03,12,0,1,5,0,94,0,0,AF,0.019252,3.530314,3.22452,0.22316,100.0000,0.04064,0.001498,107.03938,0,3,3,0,93,0,0,100,,0.019252,3.530314,3.22452,0.22316,100.0000,0.04064,0.001498,107.03938
3.25,2.4,0.04,0,0,1.89,0,2.03,24,0,1,4,0,95,0,0,AF,0.007957,2.807963,2.40718,0.10169,100.0000,0.03538,0.003617,105.36379,0,3,2,0,95,0,0,100,,0.007957,2.807963,2.40718,0.10169,100.0000,0.03538,0.003617,105.36379
3.41,2.42,0.03,0,0,1.23,0,1.48,3,0,20,5,0,75,0,0,AF,0.045065,3.749551,4.70875,0.40265,100.0000,0.03350,0.000549,108.94007,0,3,4,0,92,0,0,100,,0.045065,3.749551,4.70875,0.40265,100.0000,0.03350,0.000549,108.94007
3.41,2.42,0.03,0,0,1.23,0,1.48,6,0,5,3,0,92,0,0,AF,0.044164,3.624096,3.08347,0.32742,100.0000,0.03361,0.000599,107.11336,0,3,3,0,93,0,0,100,,0.044164,3.624096,3.08347,0.32742,100.0000,0.03361,0.000599,107.11336
3.41,2.42,0.03,0,0,1.23,0,1.48,12,0,4,2,0,94,0,0,AF,0.034255,3.255605,2.33235,0.21993,100.0000,0.03042,0.000777,105.87334,0,3,2,0,94,0,0,100,,0.034255,3.255605,2.33235,0.21993,100.0000,0.03042,0.000777,105.87334
3.41,2.42,0.03,0,0,1.23,0,1.48,24,2,4,2,4,88,0,0,AF,0.018297,2.678496,1.71853,0.09598,100.0000,0.02534,0.001545,104.53820,0,3,2,0,96,0,0,100,,0.018297,2.678496,1.71853,0.09598,100.0000,0.02534,0.001545,104.53820
3.82,2.4,0.03,0,0,2.9,0,1.6,3,0,0,1,0,99,0,0,AF,0.001256,1.083875,4.98865,0.32358,100.0000,0.16602,0.198580,106.76196,0,1,5,0,94,0,0,100,,0.001256,1.083875,4.98865,0.32358,100.0000,0.16602,0.198580,106.76196
3.82,2.4,0.03,0,0,2.9,0,1.6,6,0,2,2,0,96,0,0,AF,0.001206,1.090332,3.40606,0.25595,100.0000,0.16403,0.213189,105.13077,0,1,3,0,95,0,0,100,,0.001206,1.090332,3.40606,0.25595,100.0000,0.16403,0.213189,105.13077
3.82,2.4,0.03,0,0,2.9,0,1.6,12,0,4,3,0,93,0,0,AF,0.000940,1.081523,2.72560,0.16262,100.0000,0.14234,0.248578,104.36160,0,1,3,0,96,0,0,100,,0.000940,1.081523,2.72560,0.16262,100.0000,0.14234,0.248578,104.36160
3.82,2.4,0.03,0,0,2.9,0,1.6,24,0,5,3,0,92,0,0,AF,0.000577,1.136730,2.19881,0.06462,100.0000,0.10354,0.313789,103.81806,0,1,2,0,96,0,0,100,,0.000577,1.136730,2.19881,0.06462,100.0000,0.10354,0.313789,103.81806
3.64,2.42,0.03,0,0,0,0,2.44,3,0,36,37,0,27,0,0,AP,0.130560,6.266265,46.27979,0.99723,100.0000,0.01358,0.000022,153.68744,0,4,30,1,65,0,0,100,,0.130560,6.266265,46.27979,0.99723,100.0000,0.01358,0.000022,153.68744
3.64,2.42,0.03,0,0,0,0,2.44,6,3,12,8,0,77,0,0,AF,0.265286,7.296475,14.49746,0.86128,100.0000,0.02192,0.000019,122.94244,0,6,12,1,81,0,0,100,,0.265286,7.296475,14.49746,0.86128,100.0000,0.02192,0.000019,122.94244
3.64,2.42,0.03,0,0,0,0,2.44,12,5,8,6,0,81,0,0,AF,0.362353,7.960012,5.11672,0.76075,100.0000,0.02792,0.000019,114.22778,0,7,4,1,88,0,0,100,,0.362353,7.960012,5.11672,0.76075,100.0000,0.02792,0.000019,114.22778
3.64,2.42,0.03,0,0,0,0,2.44,24,6,11,8,0,75,0,0,AF,0.305457,8.209698,4.84530,0.64910,100.0000,0.02835,0.000024,114.03793,0,7,4,1,88,0,0,100,,0.305457,8.209698,4.84530,0.64910,100.0000,0.02835,0.000024,114.03793
3.37,2.39,0.04,0,0,4.94,0,2.27,3,0,4,31,0,60,0,5,AF,0.000044,1.513756,8.08186,0.12994,100.0000,0.35651,4.585057,114.66716,0,1,7,0,87,0,4,100,,0.000044,1.513756,8.08186,0.12994,100.0000,0.35651,4.585057,114.66716
3.37,2.39,0.04,0,0,4.94,0,2.27,6,0,4,8,0,83,0,5,AF,0.000039,1.545049,7.71263,0.11535,100.0000,0.35258,4.634978,114.36063,0,1,7,0,87,0,4,100,,0.000039,1.545049,7.71263,0.11535,100.0000,0.35258,4.634978,114.36063
3.37,2.39,0.04,0,0,4.94,0,2.27,12,0,3,8,0,84,0,5,AF,0.000031,1.605299,7.58563,0.09187,100.0000,0.33600,4.706860,114.32569,0,1,7,0,87,0,4,100,,0.000031,1.605299,7.58563,0.09187,100.0000,0.33600,4.706860,114.32569
3.37,2.39,0.04,0,0,4.94,0,2.27,24,0,3,7,0,85,0,5,AF,0.000022,1.738854,7.36479,0.05931,100.0000,0.29213,4.772713,114.22782,0,2,6,0,88,0,4,100,,0.000022,1.738854,7.36479,0.05931,100.0000,0.29213,4.772713,114.22782
2.98,2.51,0.05,0,0,0,0.97,1.91,3,0,10,17,0,73,0,0,AF,0.217887,7.288736,7.56762,0.74713,100.0000,0.02622,0.000042,115.84763,0,6,7,1,86,0,0,100,,0.217887,7.288736,7.56762,0.74713,100.0000,0.02622,0.000042,115.84763
2.98,2.51,0.05,0,0,0,0.97,1.91,6,1,1,4,0,94,0,0,AF,0.231542,7.432727,5.07547,0.68573,100.0000,0.02812,0.000044,113.45363,0,7,4,1,88,0,0,100,,0.231542,7.432727,5.07547,0.68573,100.0000,0.02812,0.000044,113.45363
2.98,2.51,0.05,0,0,0,0.97,1.91,12,1,1,4,0,94,0,0,AF,0.203177,7.356911,4.35232,0.59229,100.0000,0.02813,0.000052,112.53288,0,7,4,1,89,0,0,100,,0.203177,7.356911,4.35232,0.59229,100.0000,0.02813,0.000052,112.53288
2.98,2.51,0.05,0,0,0,0.97,1.91,24,2,1,4,0,93,0,0,AF,0.129108,6.939061,4.01924,0.42270,100.0000,0.02742,0.000090,111.53761,0,6,4,0,90,0,0,100,,0.129108,6.939061,4.01924,0.42270,100.0000,0.02742,0.000090,111.53761
3.31,2.47,0.04,0,0,0,1.44,1.83,3,0,0,0,0,100,0,0,AF,0.175032,6.749238,11.74038,0.77039,100.0000,0.02980,0.000036,119.46488,0,6,10,1,84,0,0,100,,0.175032,6.749238,11.74038,0.77039,100.0000,0.02980,0.000036,119.46488
3.31,2.47,0.04,0,0,0,1.44,1.83,6,0,0,1,0,99,0,0,AF,0.207833,7.013156,5.96153,0.69278,100.0000,0.03427,0.000036,113.90961,0,6,5,1,88,0,0,100,,0.207833,7.013156,5.96153,0.69278,100.0000,0.03427,0.000036,113.90961
3.31,2.47,0.04,0,0,0,1.44,1.83,12,0,0,2,0,98,0,0,AF,0.190552,6.945600,4.56330,0.59055,100.0000,0.03511,0.000042,112.32516,0,6,4,1,89,0,0,100,,0.190552,6.945600,4.56330,0.59055,100.0000,0.03511,0.000042,112.32516
3.31,2.47,0.04,0,0,0,1.44,1.83,24,0,0,2,0,98,0,0,AF,0.123027,6.440828,4.13688,0.41446,100.0000,0.03443,0.000070,111.14970,0,6,4,0,90,0,0,100,,0.123027,6.440828,4.13688,0.41446,100.0000,0.03443,0.000070,111.14970
3.57,2.49,0.02,0,0,0,1.93,1.77,3,0,0,4,0,96,0,0,AF,0.131673,6.325410,18.15037,0.86223,100.0000,0.03626,0.000034,125.50598,0,5,14,1,80,0,0,100,,0.131673,6.325410,18.15037,0.86223,100.0000,0.03626,0.000034,125.50598
3.57,2.49,0.02,0,0,0,1.93,1.77,6,0,0,2,0,98,0,0,AF,0.175191,6.704315,7.26491,0.75860,100.0000,0.04469,0.000033,114.94774,0,6,6,1,87,0,0,100,,0.175191,6.704315,7.26491,0.75860,100.0000,0.04469,0.000033,114.94774
3.57,2.49,0.02,0,0,0,1.93,1.77,12,0,0,1,0,99,0,0,AF,0.168619,6.650857,4.85783,0.63671,100.0000,0.04683,0.000038,112.36088,0,6,4,1,89,0,0,100,,0.168619,6.650857,4.85783,0.63671,100.0000,0.04683,0.000038,112.36088
3.57,2.49,0.02,0,0,0,1.93,1.77,24,0,0,0,0,100,0,0,AF,0.109589,6.046856,4.25934,0.44029,100.0000,0.04566,0.000060,110.90180,0,5,4,0,90,0,0,100,,0.109589,6.046856,4.25934,0.44029,100.0000,0.04566,0.000060,110.90180
3.37,2.39,0.06,0,0,0,2.17,1.7,3,0,0,8,2,90,0,0,AF,0.141063,6.583446,12.00259,0.68772,100.0000,0.03734,0.000039,119.45220,0,6,10,1,84,0,0,100,,0.141063,6.583446,12.00259,0.68772,100.0000,0.03734,0.000039,119.45220
3.37,2.39,0.06,0,0,0,2.17,1.7,6,0,0,2,0,98,0,0,AF,0.164204,6.808761,6.20158,0.61151,100.0000,0.04262,0.000040,113.82872,0,6,5,1,88,0,0,100,,0.164204,6.808761,6.20158,0.61151,100.0000,0.04262,0.000040,113.82872
3.37,2.39,0.06,0,0,0,2.17,1.7,12,0,0,1,0,99,0,0,AF,0.145825,6.682655,4.74746,0.50724,100.0000,0.04357,0.000049,112.12680,0,6,4,0,89,0,0,100,,0.145825,6.682655,4.74746,0.50724,100.0000,0.04357,0.000049,112.12680
3.37,2.39,0.06,0,0,0,2.17,1.7,24,0,0,3,4,93,0,0,AF,0.087876,6.061580,4.23647,0.33328,100.0000,0.04302,0.000087,110.76231,0,5,4,0,90,0,0,100,,0.087876,6.061580,4.23647,0.33328,100.0000,0.04302,0.000087,110.76231
3.66,2.49,0.04,0,0,0,2.47,1.8,3,0,3,34,3,60,0,0,AF,0.107041,6.400401,23.82564,0.89736,100.0000,0.04007,0.000035,131.27054,0,5,18,1,76,0,0,100,,0.107041,6.400401,23.82564,0.89736,100.0000,0.04007,0.000035,131.27054
3.66,2.49,0.04,0,0,0,2.47,1.8,6,0,6,16,3,75,0,0,AF,0.152214,6.899740,8.66566,0.77977,100.0000,0.05156,0.000034,116.54898,0,6,7,1,86,0,0,100,,0.152214,6.899740,8.66566,0.77977,100.0000,0.05156,0.000034,116.54898
3.66,2.49,0.04,0,0,0,2.47,1.8,12,0,3,3,3,91,0,0,AF,0.150500,6.937390,5.36160,0.64958,100.0000,0.05506,0.000038,113.15416,0,6,5,1,88,0,0,100,,0.150500,6.937390,5.36160,0.64958,100.0000,0.05506,0.000038,113.15416
3.66,2.49,0.04,0,0,0,2.47,1.8,24,0,2,4,3,91,0,0,AF,0.096786,6.415215,4.73595,0.44836,100.0000,0.05374,0.000061,111.75011,0,6,4,0,89,0,0,100,,0.096786,6.415215,4.73595,0.44836,100.0000,0.05374,0.000061,111.75011
3.2,2.38,0.04,0,0,0,2.73,1.81,3,0,1,33,2,64,0,0,AF,0.158734,7.001061,9.02560,0.68397,100.0000,0.03421,0.000044,116.90362,0,6,8,1,86,0,0,100,,0.158734,7.001061,9.02560,0.68397,100.0000,0.03421,0.000044,116.90362
3.2,2.38,0.04,0,0,0,2.73,1.81,6,0,2,16,3,79,0,0,AF,0.170336,7.155556,5.67072,0.61883,100.0000,0.03714,0.000046,113.65263,0,6,5,1,88,0,0,100,,0.170336,7.155556,5.67072,0.61883,100.0000,0.03714,0.000046,113.65263
3.2,2.38,0.04,0,0,0,2.73,1.81,12,0,3,4,4,89,0,0,AF,0.145945,7.049806,4.72752,0.52205,100.0000,0.03732,0.000056,112.48270,0,6,4,0,89,0,0,100,,0.145945,7.049806,4.72752,0.52205,100.0000,0.03732,0.000056,112.48270
3.2,2.38,0.04,0,0,0,2.73,1.81,24,0,3,3,5,89,0,0,AF,0.086166,6.541332,4.32402,0.35473,100.0000,0.03673,0.000103,111.34309,0,6,4,0,90,0,0,100,,0.086166,6.541332,4.32402,0.35473,100.0000,0.03673,0.000103,111.34309
4.24,2.35,0.03,0,0,1.02,0,1.4,3,0,20,20,0,60,0,0,AF,0.101363,7.860315,45.61417,0.10250,100.0000,0.05150,0.000058,153.72990,0,5,30,0,65,0,0,100,,0.101363,7.860315,45.61417,0.10250,100.0000,0.05150,0.000058,153.72990
4.24,2.35,0.03,0,0,1.02,0,1.4,6,0,12,12,0,76,0,0,AF,0.184681,8.851386,17.88308,0.07023,100.0000,0.07336,0.000054,127.06280,0,7,14,0,79,0,0,100,,0.184681,8.851386,17.88308,0.07023,100.0000,0.07336,0.000054,127.06280
4.24,2.35,0.03,0,0,1.02,0,1.4,12,0,10,6,0,84,0,0,AF,0.224118,9.097223,8.43912,0.03734,100.0000,0.08073,0.000058,117.87859,0,8,7,0,85,0,0,100,,0.224118,9.097223,8.43912,0.03734,100.0000,0.08073,0.000058,117.87859
4.24,2.35,0.03,0,0,1.02,0,1.4,24,0,12,5,0,83,0,0,AF,0.177853,8.392819,6.96222,0.01067,100.0000,0.07420,0.000088,115.61785,0,7,6,0,86,0,0,100,,0.177853,8.392819,6.96222,0.01067,100.0000,0.07420,0.000088,115.61785
3.95,2.12,0.04,0,0,2.05,0,1.39,3,0,0,18,0,82,0,0,AF,0.027503,2.979035,13.82424,0.00723,100.0000,0.12951,0.001092,116.96862,0,3,12,0,85,0,0,100,,0.027503,2.979035,13.82424,0.00723,100.0000,0.12951,0.001092,116.96862
3.95,2.12,0.04,0,0,2.05,0,1.39,6,0,0,6,0,94,0,0,AF,0.031406,3.028387,7.46786,0.00480,100.0000,0.14375,0.001134,110.67734,0,3,7,0,90,0,0,100,,0.031406,3.028387,7.46786,0.00480,100.0000,0.14375,0.001134,110.67734
3.95,2.12,0.04,0,0,2.05,0,1.39,12,0,0,3,0,97,0,0,AF,0.027967,2.920433,5.74266,0.00221,100.0000,0.14378,0.001361,108.83841,0,3,5,0,92,0,0,100,,0.027967,2.920433,5.74266,0.00221,100.0000,0.14378,0.001361,108.83841
3.95,2.12,0.04,0,0,2.05,0,1.39,24,0,0,2,0,98,0,0,AF,0.019342,2.822992,5.45036,0.00047,100.0000,0.14428,0.002200,108.43964,0,3,5,0,92,0,0,100,,0.019342,2.822992,5.45036,0.00047,100.0000,0.14428,0.002200,108.43964
3.44,2.68,0.04,0,0,1.49,0,1.7,3,0,15,13,0,72,0,0,AF,0.024050,3.982670,5.64154,2.15995,100.0000,0.03409,0.003010,111.84531,0,4,5,2,89,0,0,100,,0.024050,3.982670,5.64154,2.15995,100.0000,0.03409,0.003010,111.84531
3.44,2.68,0.04,0,0,1.49,0,1.7,6,0,6,4,0,90,0,0,AF,0.023592,3.874190,3.47502,1.79229,100.0000,0.03296,0.003184,109.20124,0,4,3,2,92,0,0,100,,0.023592,3.874190,3.47502,1.79229,100.0000,0.03296,0.003184,109.20124
3.44,2.68,0.04,0,0,1.49,0,1.7,12,0,5,3,0,92,0,0,AF,0.017929,3.512352,2.43707,1.26841,100.0000,0.02698,0.003870,107.26661,0,3,2,1,93,0,0,100,,0.017929,3.512352,2.43707,1.26841,100.0000,0.02698,0.003870,107.26661
3.44,2.68,0.04,0,0,1.49,0,1.7,24,0,10,2,0,88,0,0,AF,0.009022,2.934330,1.54856,0.65052,100.0000,0.01783,0.006728,105.16699,0,3,1,1,95,0,0,100,,0.009022,2.934330,1.54856,0.65052,100.0000,0.01783,0.006728,105.16699
3.54,2.64,0.04,0,0,1.96,0,1.67,3,0,4,2,0,94,0,0,AF,0.007907,2.566491,5.14569,1.67056,100.0000,0.05532,0.018300,109.46427,0,2,5,2,91,0,0,100,,0.007907,2.566491,5.14569,1.67056,100.0000,0.05532,0.018300,109.46427
3.54,2.64,0.04,0,0,1.96,0,1.67,6,0,7,3,0,90,0,0,AF,0.007533,2.495944,3.29430,1.36327,100.0000,0.05302,0.019717,107.23378,0,2,3,1,93,0,0,100,,0.007533,2.495944,3.29430,1.36327,100.0000,0.05302,0.019717,107.23378
3.54,2.64,0.04,0,0,1.96,0,1.67,12,0,9,3,0,88,0,0,AF,0.005620,2.294833,2.35798,0.92955,100.0000,0.04302,0.023995,105.65499,0,2,2,1,95,0,0,100,,0.005620,2.294833,2.35798,0.92955,100.0000,0.04302,0.023995,105.65499
3.54,2.64,0.04,0,0,1.96,0,1.67,24,0,4,2,0,94,0,0,AF,0.002947,2.051853,1.54430,0.44424,100.0000,0.02752,0.037234,104.10810,0,2,1,0,96,0,0,100,,0.002947,2.051853,1.54430,0.44424,100.0000,0.02752,0.037234,104.10810
3.57,2.6,0.03,0,0,1.01,0,1.71,3,0,4,2,0,94,0,0,AF,0.067752,5.062334,9.32739,1.28231,100.0000,0.02915,0.000268,115.76920,0,4,8,1,86,0,0,100,,0.067752,5.062334,9.32739,1.28231,100.0000,0.02915,0.000268,115.76920
3.57,2.6,0.03,0,0,1.01,0,1.71,6,0,11,3,0,86,0,0,AF,0.076501,5.080951,4.48960,1.07737,100.0000,0.03145,0.000274,110.75615,0,5,4,1,90,0,0,100,,0.076501,5.080951,4.48960,1.07737,100.0000,0.03145,0.000274,110.75615
3.57,2.6,0.03,0,0,1.01,0,1.71,12,5,13,4,0,78,0,0,AF,0.063852,4.685252,3.02746,0.80055,100.0000,0.02873,0.000328,108.60617,0,4,3,1,92,0,0,100,,0.063852,4.685252,3.02746,0.80055,100.0000,0.02873,0.000328,108.60617
3.57,2.6,0.03,0,0,1.01,0,1.71,24,6,12,3,0,79,0,0,AF,0.033980,3.791097,2.11972,0.43763,100.0000,0.02287,0.000607,106.40590,0,4,2,0,94,0,0,100,,0.033980,3.791097,2.11972,0.43763,100.0000,0.02287,0.000607,106.40590
3.38,2.56,0.04,0,0,2.4,0,1.68,3,0,5,2,0,93,0,0,AF,0.002556,1.607722,4.12211,0.58836,100.0000,0.10142,0.092812,106.51499,0,2,4,1,94,0,0,100,,0.002556,1.607722,4.12211,0.58836,100.0000,0.10142,0.092812,106.51499
3.38,2.56,0.04,0,0,2.4,0,1.68,6,0,3,1,0,96,0,0,AF,0.002274,1.562535,3.16499,0.47422,100.0000,0.09570,0.102635,105.40236,0,1,3,0,95,0,0,100,,0.002274,1.562535,3.16499,0.47422,100.0000,0.09570,0.102635,105.40236
3.38,2.56,0.04,0,0,2.4,0,1.68,12,0,5,1,0,94,0,0,AF,0.001646,1.473558,2.50644,0.31153,100.0000,0.07988,0.126428,104.49948,0,1,2,0,96,0,0,100,,0.001646,1.473558,2.50644,0.31153,100.0000,0.07988,0.126428,104.49948
3.38,2.56,0.04,0,0,2.4,0,1.68,24,0,6,2,0,92,0,0,AF,0.000878,1.414316,1.83224,0.13767,100.0000,0.05472,0.184722,103.62454,0,1,2,0,97,0,0,100,,0.000878,1.414316,1.83224,0.13767,100.0000,0.05472,0.184722,103.62454
2.73,2.1,0.038,0.53,0,2.41,0,1.75,3,0,0,3,0,97,0,0,AF,0.000980,3.995293,4.73985,0.01490,100.0000,0.05091,0.082830,108.88477,0,4,4,0,92,0,0,100,,0.000980,3.995293,4.73985,0.01490,100.0000,0.05091,0.082830,108.88477
2.73,2.1,0.038,0.53,0,2.41,0,1.75,6,0,5,4,0,91,0,0,AF,0.000810,3.836823,4.19459,0.01227,100.0000,0.04878,0.099381,108.19265,0,4,4,0,92,0,0,100,,0.000810,3.836823,4.19459,0.01227,100.0000,0.04878,0.099381,108.19265
2.73,2.1,0.038,0.53,0,2.41,0,1.75,12,0,4,4,0,92,0,0,AF,0.000548,3.555034,3.66424,0.00846,100.0000,0.04491,0.143390,107.41658,0,3,3,0,93,0,0,100,,0.000548,3.555034,3.66424,0.00846,100.0000,0.04491,0.143390,107.41658
2.73,2.1,0.038,0.53,0,2.41,0,1.75,24,0,3,3,0,94,0,0,AF,0.000275,3.198480,3.11839,0.00428,100.0000,0.04018,0.281204,106.64282,0,3,3,0,94,0,0,100,,0.000275,3.198480,3.118395,0.004279,100.0000,0.040183,0.281204,106.64282
3.59,2.08,0.026,0.28,0,2.43,0,1.75,3,0,2,2,0,96,0,0,AF,0.005924,2.690987,5.756064,0.056787,100.0000,0.059743,0.006590,108.57609,0,2,5,0,92,0,0,100,,0.005924,2.690987,5.756064,0.056787,100.0000,0.059743,0.006590,108.57609
3.59,2.08,0.026,0.28,0,2.43,0,1.75,6,0,5,2,0,93,0,0,AF,0.005494,2.648971,3.776682,0.042536,100.0000,0.061415,0.007725,106.54282,0,2,4,0,94,0,0,100,,0.005494,2.648971,3.776682,0.042536,100.0000,0.061415,0.007725,106.54282
3.59,2.08,0.026,0.28,0,2.43,0,1.75,12,0,7,3,0,90,0,0,AF,0.003818,2.484276,3.043128,0.024474,100.0000,0.058339,0.011389,105.62542,0,2,3,0,95,0,0,100,,0.003818,2.484276,3.043128,0.024474,100.0000,0.058339,0.011389,105.62542
3.59,2.08,0.026,0.28,0,2.43,0,1.75,24,0,8,3,0,89,0,0,AF,0.001760,2.295759,2.725304,0.008095,100.0000,0.054461,0.026515,105.11189,0,2,3,0,95,0,0,100,,0.001760,2.295759,2.725304,0.008095,100.0000,0.054461,0.026515,105.11189
